Planner,Best Lambda,Best K,Success Rate,Collision Rate,Repeated Failure Rate,Average Return,Optimality Gap,Inference Time Mean
Standard Diffusion,0.1,40,0.5083333333333333,0.4916666666666666,0.0,-0.0383333333333333,2.4262295081967213,0.0018637270259605
Failure-Memory Diffusion,0.5,40,0.6416666666666667,0.3583333333333333,0.3112202380952381,0.2103333333333333,2.25974025974026,0.0019885895201658
