K,lambda_F,Success Rate,Collision Rate,Repeated Failure Rate,Average Return,Path Length,Optimality Gap,Inference Time Mean
5,0.5,0.19166666666666668,0.8083333333333333,0.585890379364644,-0.65175,4.508333333333334,4.3478260869565215,0.001316319853071064
10,0.5,0.375,0.625,0.49411143816162995,-0.3080833333333334,6.808333333333334,4.5777777777777775,0.0013855310573932832
20,0.5,0.5916666666666667,0.4083333333333333,0.3192247123003702,0.11058333333333328,8.275,3.23943661971831,0.0015753934309132797
30,0.5,0.6166666666666667,0.38333333333333336,0.32169642857142855,0.16491666666666663,7.841666666666667,2.4324324324324325,0.0017656307599339803
40,0.5,0.6416666666666667,0.35833333333333334,0.31122023809523813,0.2103333333333333,8.3,2.25974025974026,0.001988589520165885
