lambda_D,Success Rate,Collision Rate,Repeated Failure Rate,Average Return,Path Length,Optimality Gap,Inference Time Mean
0.0,0.0,1.0,0.0,-1.0010000000000001,1.1,,0.0013115645462271966
0.1,0.16666666666666666,0.8333333333333334,0.0,-0.6993333333333333,4.266666666666667,4.1,0.0012671975227062818
0.5,0.13333333333333333,0.8666666666666667,0.0,-0.7645000000000001,4.116666666666666,3.25,0.0012698089873738364
1.0,0.125,0.875,0.0,-0.7785833333333334,3.8583333333333334,2.533333333333333,0.0012696570838003425
2.0,0.125,0.875,0.0,-0.7785833333333334,3.8583333333333334,2.533333333333333,0.0012612336500313897
5.0,0.125,0.875,0.0,-0.7785833333333334,3.8583333333333334,2.533333333333333,0.0012674998840615027
