K,lambda_D,Success Rate,Collision Rate,Repeated Failure Rate,Average Return,Path Length,Optimality Gap,Inference Time Mean
5,0.1,0.09166666666666666,0.9083333333333333,0.0,-0.8383333333333333,3.1666666666666665,5.090909090909091,0.0012430660630033776
10,0.1,0.35833333333333334,0.6416666666666667,0.0,-0.3345833333333334,6.125,4.790697674418604,0.0013014473905669497
20,0.1,0.49166666666666664,0.5083333333333333,0.0,-0.07775000000000004,7.108333333333333,4.067796610169491,0.0014532860273218462
30,0.1,0.5,0.5,0.0,-0.053916666666666696,6.391666666666667,2.566666666666667,0.0016035716502279852
40,0.1,0.5083333333333333,0.49166666666666664,0.0,-0.03833333333333338,6.5,2.4262295081967213,0.0018637270259605353
